商品名称,商品图片,商品链接
洁柔(C&S)抽纸 粉Face 柔韧3层135抽面巾纸*3包 治愈系百花香氛 芬芳怡人 *2件,http://img1.miaomiaoz.com/image/b1b741ebad969e614ea8f0c1a9ddf2ea.jpeg,https://www.miaomiaozhe.com/jump?gid=-6534100417753655068&url=38c94B2426e4e9261MCgPZgb8eEqy3YqSCbGUCaC_eu9tPRdsxyzYq5K5Aqb
得宝 Tempo /纸巾软抽纸 无味4层90抽12包餐巾纸面巾纸德宝母婴可用 *2件,http://img1.miaomiaoz.com/image/7d38b1816965e820f0a8e08e368b98a9.png,https://www.miaomiaozhe.com/jump?gid=8365498534362763420&url=0C9BaB41445061492wOtH1SIhBGZ9J3KA-TU-Z8fEA3yBmYfBWC_eu9tPRdsxyzYq5K5Aqb
INSONS 抽纸 轻奢印花纸巾 3层70抽 中码单包装 柔韧顺滑 干湿两用 天然无香 通过SGS认证 母婴适用 纸艺包装 *2件,http://m.360buyimg.com/n1/jfs/t1/127781/21/18285/178866/5fabcaebEd72680ae/52e6ebfd07cd3bfa.jpg!q70.jpg,https://www.miaomiaozhe.com/jump?gid=2911265957626331394&url=259D45eF563629442AXTqIIljdfP3IHfjtVF6Y2zEfQpS2iYHYC_eu9tPRdsxyzYq5K5Aqb
蓝漂 抽纸 3层110抽*8包M号面巾餐巾纸巾 包邮 *2件,http://m.360buyimg.com/n1/jfs/t1/111560/36/13598/169258/5f2143c2Ef1ae82cd/3b59a9ea5df7c4ec.jpg!q70.jpg,https://www.miaomiaozhe.com/jump?gid=8980943401653507358&url=cBa75D9Ab1f2375F2AXTqIIljdfP_uBBdmKEdEKzEfQpS2iYHYC_eu9tPRdsxyzYq5K5Aqb
舒洁（Kleenex）抽纸纸巾 Q迷你软抽纸抽 45抽*5包装 *2件,http://m.360buyimg.com/n1/jfs/t1/130555/32/15663/129612/5facaa86Ed6d20915/1c7536c6b24359df.jpg!q70.jpg,https://www.miaomiaozhe.com/jump?gid=2147506430281746067&url=90f2c0a6dA73c9aD1YJeAChXkuqiy8qHfgASvWbC_eu9tPRdsxyzYq5K5Aqb
洁柔抽纸(C&S) 粉Face纸巾 柔韧300张面巾纸*27包 无香（经典面子系列可湿水 干湿两用母婴适用）整箱销售 *3件,http://img1.miaomiaoz.com/image/2369bee1b8e2ec9f0f1cda655fc5403c.jpeg,https://www.miaomiaozhe.com/jump?gid=-3274549596599829846&url=fCe984c090803C372AXTqIIljdfPDd9BqEfn86WbuEN0A2fWsdC_eu9tPRdsxyzYq5K5Aqb
维达(Vinda) 抽纸纸巾 超韧3层120抽软抽*4包 *2件,http://img1.miaomiaoz.com/image/1a207ed99b976c45f2e870b4c3dbcd58.jpeg,https://www.miaomiaozhe.com/jump?gid=-5900488084062852506&url=c4cE6C3A5513a4491Il_BmQxjO5Z8_qdfCO8hsUC_eu9tPRdsxyzYq5K5Aqb
洁柔抽纸巾(C&S) 油画Face 加厚4层80抽面巾纸*10包 柔软亲肤可湿水 商务办公居家大气典雅 *3件,http://img1.miaomiaoz.com/image/eaae058c34eef22ee954363c828799e9.jpeg,https://www.miaomiaozhe.com/jump?gid=-4596561154648269904&url=1391056834d4aA082AXTqIIljdfP7qd0v6XFqWXbuEN0A2fWsdC_eu9tPRdsxyzYq5K5Aqb
洁柔领券199减100抽纸整箱face可湿水纸巾母婴儿3层120抽20包餐巾纸面巾纸抽擦手卫生纸 *4件,http://m.360buyimg.com/n1/jfs/t1/138686/23/13645/204944/5fa4eaf4E489aa687/accca52605505d5b.jpg!q70.jpg,https://www.miaomiaozhe.com/jump?gid=-6850994846381102212&url=517A9940aC24b2822wOtH1SIhBGZNYP7XV4qRLAzYehaoeD_kSC_eu9tPRdsxyzYq5K5Aqb
清风（APP）抽纸 原木纯品 3层120抽软抽纸巾24包 母婴可用 柔软亲肤 *2件,http://img1.miaomiaoz.com/image/b91f5262408914c411c8614870325f88.jpeg,https://www.miaomiaozhe.com/jump?gid=-4879592881599555384&url=aD854200c9cC7A852AXTqIIljdfPjGz3G-a7CoEzEfQpS2iYHYC_eu9tPRdsxyzYq5K5Aqb
洁柔抽纸粉Face纸巾3层20包抽纸面巾餐巾纸擦手纸可湿水面纸不易破家用实惠装 20包 *2件,http://m.360buyimg.com/n1/jfs/t1/134745/15/15634/227717/5fac0204Eca3016d2/6e6e2fb8c67002c2.jpg!q70.jpg,https://www.miaomiaozhe.com/jump?gid=-3962890140188234501&url=26e91713a8d1fF862wOtH1SIhBGZJPMKBbO-GVM5GVV2aGcXBfC_eu9tPRdsxyzYq5K5Aqb
清风 满99减50抽纸餐巾纸纸巾原木纯品金装3层24包+6包享加量30包整箱家庭装 *2件,http://m.360buyimg.com/n1/jfs/t1/139675/35/14321/240933/5fad5064Ea4501268/fe1ff84df67e4dbc.jpg!q70.jpg,https://www.miaomiaozhe.com/jump?gid=-8850708699037888445&url=8DcEb7b6e3e4d8f42wOtH1SIhBGZBCB5IgDo32u3LIfGZRugZVC_eu9tPRdsxyzYq5K5Aqb
清风本色抽纸24包3层100抽面巾纸餐巾纸无尘无屑不漂白原色纸卫生纸母婴用纸婴儿适用 包邮 *2件,http://m.360buyimg.com/n1/jfs/t1/139652/29/11627/139196/5f9012caE8d4f1be5/d3da0bef95dc9e88.jpg!q70.jpg,https://www.miaomiaozhe.com/jump?gid=-6272739345692401880&url=5211778Da6105D532wOtH1SIhBGZt2WWhf7Jgc8Ho9rBvsZ6EUC_eu9tPRdsxyzYq5K5Aqb
泉林本色抽纸 2层170抽*3包 *3件,http://img1.miaomiaoz.com/image/9a9325ef83d4d820a07ae30c539835b9.jpeg,https://www.miaomiaozhe.com/jump?gid=5014628799821958400&url=a83974025Ff9b1eC145dt2nuq2B3oB03GxehQqdC_eu9tPRdsxyzYq5K5Aqb
洁柔油画抽纸(C&S) 黑Face加厚400张面巾纸*16包新老品交替发货 *3件,http://img12.360buyimg.com/n1/jfs/t1/145478/29/7789/276539/5f5b0b6aE5311f10c/008252986218a230.jpg,https://www.miaomiaozhe.com/jump?gid=-84791132667765524&url=a0e9427967fC57b91M_v7AgyNMHleeEZUYbV-EUC_eu9tPRdsxyzYq5K5Aqb
心相印抽纸 品诺黑色经典系列软抽 4层90抽*18包 *2件,http://m.360buyimg.com/n1/jfs/t1/148947/21/14256/136697/5fad0242E366615c6/8d598c64fea9677e.jpg!q70.jpg,https://www.miaomiaozhe.com/jump?gid=-9084647918857054699&url=d404953451aCe01E2AXTqIIljdfP7mxqO3iQc37zEfQpS2iYHYC_eu9tPRdsxyzYq5K5Aqb
得宝(Tempo) 抽纸 3层90抽*4盒 面巾纸餐巾纸巾 天然无香 *3件,http://m.360buyimg.com/n1/jfs/t1/132581/35/15208/136424/5fa90c94E4d4f93f9/55f54a7982ddf48a.jpg!q70.jpg,https://www.miaomiaozhe.com/jump?gid=-8684505146869186477&url=7F920F4B2Bf1fCaD1E7VQGr1T4X0B66HtQIP9nYC_eu9tPRdsxyzYq5K5Aqb
斑布（ BABO） BASE系列 3层120抽面巾纸抽纸*3包量贩装 *3件,http://img1.miaomiaoz.com/image/5dd99e97916f4ae109c3709d242796a3.jpeg,https://www.miaomiaozhe.com/jump?gid=-6689932184088724538&url=3D937754b20162e32AXTqIIljdfPPn2PWdBqCrBzEfQpS2iYHYC_eu9tPRdsxyzYq5K5Aqb
得宝(Tempo) 抽纸 4层90抽*包 面巾纸餐巾纸巾 天然无香-新老款式随机发货 *3件,http://m.360buyimg.com/n1/jfs/t1/146601/29/13808/147446/5faa12edEfed0bcd8/c5297cf20c78e71c.jpg!q70.jpg,https://www.miaomiaozhe.com/jump?gid=5879134465728217059&url=e3b9a68972955B7F14uhrqSmqhLun-9boJI9MbaC_eu9tPRdsxyzYq5K5Aqb
得宝(Tempo) 抽纸 Artist系列 4层*90抽*4包 面巾纸餐巾纸巾-绿野骑士款 天然无香-新老款随机发货 *3件,http://img1.miaomiaoz.com/image/e9f50acbda1918a4981b7cfd9f986f00.png,https://www.miaomiaozhe.com/jump?gid=-8067375248634580053&url=eA4288000Dd5cE942AXTqIIljdfPfug5jwtneBQzEfQpS2iYHYC_eu9tPRdsxyzYq5K5Aqb
得宝(Tempo) Mini系列抽纸 4层80抽*8包 面巾纸餐巾纸巾 天然无香 *3件,http://m.360buyimg.com/n1/jfs/t1/132720/36/15318/185624/5fa90b3bE6ae3690f/91d236c59a5d6bdb.jpg!q70.jpg,https://www.miaomiaozhe.com/jump?gid=-5031090537090965477&url=29562C381E00f0961UOob7lzw_rB1IejnUNk2YVC_eu9tPRdsxyzYq5K5Aqb
得宝(Tempo) 抽纸 4层90抽*18包 面巾纸餐纸巾 苹果木味 *2件,http://m.360buyimg.com/n1/jfs/t1/8397/40/5810/193594/5bdf1151E50a19cb9/3a88656f6b34568a.jpg!q70.jpg,https://www.miaomiaozhe.com/jump?gid=5387505713624530808&url=fA3807d52DaC703E10vGcH_gGIVvfNtr63befkTC_eu9tPRdsxyzYq5K5Aqb
清风（APP) 抽纸 原木纯品升级装3层120抽软抽*20包抽取式面巾纸巾（柔软亲肤 整箱销售 新老包装交替发货） *3件,http://img1.miaomiaoz.com/image/c0a4b8c37847f87c9f6ee708aa9a2487.jpeg,https://www.miaomiaozhe.com/jump?gid=2860829585445095516&url=6E558Af0f6e2369B2AXTqIIljdfP75kdBwJopErzEfQpS2iYHYC_eu9tPRdsxyzYq5K5Aqb
洁柔(C&S)擦手抽纸 200抽*20包 （ 厨房抽纸商务用纸 卫生间酒店餐厅卫生纸巾 225mm*222mm）整箱销售,http://img1.miaomiaoz.com/image/d41947715b23d547b2f3ab4154a90750.jpeg,https://www.miaomiaozhe.com/jump?gid=-6763967637849950873&url=d3c6d50C3180fF221IqcdUghG0Hsxz7DLvJF5AZC_eu9tPRdsxyzYq5K5Aqb
维达(Vinda) 抽纸 超韧3层120抽*30包 S码软抽纸巾 酒店客房餐厅软抽面巾纸纸巾 整箱销售 *2件,http://img1.miaomiaoz.com/image/aa8219c761c994f47bc6c84c3c4c0182.jpeg,https://www.miaomiaozhe.com/jump?gid=-864712340529012226&url=89fC243457852B502AXTqIIljdfPXOulibkzjd-buEN0A2fWsdC_eu9tPRdsxyzYq5K5Aqb
心相印抽纸 茶语丝享系列3层110抽面巾纸*27包纸巾,http://img1.miaomiaoz.com/image/47e5b770decfaffd5441dcf44de5ffa2.jpeg,https://www.miaomiaozhe.com/jump?gid=-824190656178524206&url=64e97E6FfE41509D2AXTqIIljdfPvz8944vZWwlzEfQpS2iYHYC_eu9tPRdsxyzYq5K5Aqb
心相印抽纸小黄人系列3层120抽塑装纸巾*24包,http://img1.miaomiaoz.com/image/1e1831b172ef3edaf3dee871c1d99e1f.jpeg,https://www.miaomiaozhe.com/jump?gid=5735186079848346901&url=245C0C28cB035D632AXTqIIljdfPLbjMlIlHrX-zEfQpS2iYHYC_eu9tPRdsxyzYq5K5Aqb
泉林本色 餐巾纸50张*48包 *2件,http://m.360buyimg.com/n1/jfs/t1/112498/34/3521/542997/5ea8d892E6038ecec/ba7556e282a27d71.jpg!q70.jpg,https://www.miaomiaozhe.com/jump?gid=3150344214934683657&url=1816aD5972675FfB2AXTqIIljdfPHULZ7cjDP-KbuEN0A2fWsdC_eu9tPRdsxyzYq5K5Aqb
顺清柔 抽纸软抽 国际版3层120抽面巾纸*24包无香抽取式面巾纸纸巾整箱销售 *3件,http://m.360buyimg.com/n1/jfs/t1/69471/16/8074/486117/5d5f5b23Ea24e170a/34332ff706b72da4.jpg!q70.jpg,https://www.miaomiaozhe.com/jump?gid=-5620636104318782479&url=f0d588dF1D73eCc31EqvLLsm7KwqeTXpp_g1HrfC_eu9tPRdsxyzYq5K5Aqb
顺清柔 抽纸纸巾原木本色不漂白软抽3层120抽*18包原色木浆抽取式面巾纸 *2件,http://m.360buyimg.com/n1/jfs/t1/78799/25/9363/454082/5d70aeaeEfc8fde08/07336107f312923e.jpg!q70.jpg,https://www.miaomiaozhe.com/jump?gid=9096280530235649643&url=3E5D8B52bDc6fC581ggkBTJTkkJIeT4T8VrAftcC_eu9tPRdsxyzYq5K5Aqb
五月花（May Flower）抽纸软包纸巾餐巾纸卫生纸手纸面巾纸3层110抽6包/提整箱超市同款 24包整箱实惠装 *2件,http://m.360buyimg.com/n1/jfs/t1/134968/13/11151/144042/5f72c475Ef453ac54/8c605d905e6cd399.jpg!q70.jpg,https://www.miaomiaozhe.com/jump?gid=3937658780402806480&url=215A7B6F2Ce7278B2gl4BIEeR6qKKc5h_XOA5erE_cvOZPFaGWC_eu9tPRdsxyzYq5K5Aqb
五月花卫生纸水溶厕纸擦手纸抽纸草纸家用装平板厕所3层加厚纸巾100抽3提18包实惠装旗舰店多省包邮 *2件,http://m.360buyimg.com/n1/jfs/t1/81078/22/1724/945868/5d00ba52Ed1174057/7139f9803cb67e87.png!q70.jpg,https://www.miaomiaozhe.com/jump?gid=-5205196779414566072&url=11f6f1eB41a10Af32wOtH1SIhBGZdztZR96AjTpiYw-rwFUbQTC_eu9tPRdsxyzYq5K5Aqb
五月花大规格婴儿抽纸纸巾3层170抽15包旗舰店 *2件,http://m.360buyimg.com/n1/jfs/t1/36617/29/12072/135024/5d020354E398ce073/67635da26fea7e85.jpg!q70.jpg,https://www.miaomiaozhe.com/jump?gid=-1552877366413795601&url=51bB92c88A3Db1aA2wOtH1SIhBGZVoTTjO5YegbxcPBptFy6wVC_eu9tPRdsxyzYq5K5Aqb
五月花抽纸家用面纸婚庆纸巾喜庆抽纸结婚纸巾婚礼酒席用餐巾纸 *2件,http://m.360buyimg.com/n1/jfs/t1/132220/33/2452/131849/5ee896a0E878a7486/d8e611abeb692ee3.jpg!q70.jpg,https://www.miaomiaozhe.com/jump?gid=6890280526192518671&url=0998bF54d6e774122wOtH1SIhBGZRBBhNjqk2H2or2VzMoC_RdC_eu9tPRdsxyzYq5K5Aqb
洁柔油画抽纸(C&S) 黑Face加厚400张面巾纸*16包新老品交替发货 *2件,http://m.360buyimg.com/n1/jfs/t1/153339/35/5683/535102/5fabfbe6E4390bb53/60198a940c61ea7e.jpg!q70.jpg,https://www.miaomiaozhe.com/jump?gid=-84791132667765524&url=a0e9427967fC57b91M_v7AgyNMHleeEZUYbV-EUC_eu9tPRdsxyzYq5K5Aqb
洁柔金尊抽纸婴儿纸巾抽纸卫生纸檫手纸餐巾面巾纸金尊3层24包 *2件,http://img1.miaomiaoz.com/image/79f1299c7c73f04138a6a9280d0c82de.jpeg,https://www.miaomiaozhe.com/jump?gid=136879271744531738&url=4466c985eE4B30532wOtH1SIhBGZ1lLCyCyLtMhzYehaoeD_kSC_eu9tPRdsxyzYq5K5Aqb
清风（APP) 抽纸 原木纯品升级装3层130抽软抽*24包抽取式面巾纸巾（整箱销售）【新老包装交替发货】 *2件,http://img10.360buyimg.com/n1/jfs/t1/133550/38/4462/278680/5f0c04adE42b315cc/612b34ac870ad50b.jpg,https://www.miaomiaozhe.com/jump?gid=1288970658731754621&url=90b4e59D550F72c52AXTqIIljdfPzIiUkAtK0DEzEfQpS2iYHYC_eu9tPRdsxyzYq5K5Aqb
斑布（BABO）竹醌自然抑菌纸巾无味软抽90抽*24包/整箱 抽纸斑布餐巾纸面巾纸卫生纸包 *2件,http://img1.miaomiaoz.com/image/45a836a3fbe038afa9a74eb18d37cb43.jpeg,https://www.miaomiaozhe.com/jump?gid=-331383239137953952&url=0923b46A3C4F115E2wOtH1SIhBGZ9ufE37dNjMgauf5_EWgR0VC_eu9tPRdsxyzYq5K5Aqb
